class,confidence
Q58425000,20.0
Q127910,20.0
Q28872924,20.0
Q192350,20.0
Q35657,20.0
Q2516426,20.0
Q25631158,17.142857142857142
Q737372,17.142857142857142
Q17279032,17.142857142857142
Q358078,17.142857142857142
